CREATE DATABASE  IF NOT EXISTS `economic-labor-analysis` /*!40100 DEFAULT CHARACTER SET utf8mb4 COLLATE utf8mb4_0900_ai_ci */ /*!80016 DEFAULT ENCRYPTION='N' */;
USE `economic-labor-analysis`;
-- MySQL dump 10.13  Distrib 8.0.40, for Win64 (x86_64)
--
-- Host: localhost    Database: economic-labor-analysis
-- ------------------------------------------------------
-- Server version	8.0.40

/*!40101 SET @OLD_CHARACTER_SET_CLIENT=@@CHARACTER_SET_CLIENT */;
/*!40101 SET @OLD_CHARACTER_SET_RESULTS=@@CHARACTER_SET_RESULTS */;
/*!40101 SET @OLD_COLLATION_CONNECTION=@@COLLATION_CONNECTION */;
/*!50503 SET NAMES utf8 */;
/*!40103 SET @OLD_TIME_ZONE=@@TIME_ZONE */;
/*!40103 SET TIME_ZONE='+00:00' */;
/*!40014 SET @OLD_UNIQUE_CHECKS=@@UNIQUE_CHECKS, UNIQUE_CHECKS=0 */;
/*!40014 SET @OLD_FOREIGN_KEY_CHECKS=@@FOREIGN_KEY_CHECKS, FOREIGN_KEY_CHECKS=0 */;
/*!40101 SET @OLD_SQL_MODE=@@SQL_MODE, SQL_MODE='NO_AUTO_VALUE_ON_ZERO' */;
/*!40111 SET @OLD_SQL_NOTES=@@SQL_NOTES, SQL_NOTES=0 */;

--
-- Table structure for table `gdp`
--

DROP TABLE IF EXISTS `gdp`;
/*!40101 SET @saved_cs_client     = @@character_set_client */;
/*!50503 SET character_set_client = utf8mb4 */;
CREATE TABLE `gdp` (
  `observation_date` text,
  `GDP` double DEFAULT NULL
) ENGINE=InnoDB DEFAULT CHARSET=utf8mb4 COLLATE=utf8mb4_0900_ai_ci;
/*!40101 SET character_set_client = @saved_cs_client */;

--
-- Dumping data for table `gdp`
--

LOCK TABLES `gdp` WRITE;
/*!40000 ALTER TABLE `gdp` DISABLE KEYS */;
INSERT INTO `gdp` VALUES ('2019-01-01',21111.6),('2019-04-01',21397.938),('2019-07-01',21717.171),('2019-10-01',21933.217),('2020-01-01',21727.657),('2020-04-01',19935.444),('2020-07-01',21684.551),('2020-10-01',22068.767),('2021-01-01',22656.793),('2021-04-01',23368.861),('2021-07-01',23921.991),('2021-10-01',24777.038),('2022-01-01',25215.491),('2022-04-01',25805.791),('2022-07-01',26272.011),('2022-10-01',26734.277),('2023-01-01',27164.359),('2023-04-01',27453.815),('2023-07-01',27967.697),('2023-10-01',28296.967),('2024-01-01',28624.069),('2024-04-01',29016.714),('2024-07-01',29374.914),('2024-10-01',29723.864),('2025-01-01',29962.047),('2025-04-01',30353.902);
/*!40000 ALTER TABLE `gdp` ENABLE KEYS */;
UNLOCK TABLES;

--
-- Table structure for table `gdp_staged`
--

DROP TABLE IF EXISTS `gdp_staged`;
/*!40101 SET @saved_cs_client     = @@character_set_client */;
/*!50503 SET character_set_client = utf8mb4 */;
CREATE TABLE `gdp_staged` (
  `observation_date` text,
  `GDP` double DEFAULT NULL
) ENGINE=InnoDB DEFAULT CHARSET=utf8mb4 COLLATE=utf8mb4_0900_ai_ci;
/*!40101 SET character_set_client = @saved_cs_client */;

--
-- Dumping data for table `gdp_staged`
--

LOCK TABLES `gdp_staged` WRITE;
/*!40000 ALTER TABLE `gdp_staged` DISABLE KEYS */;
INSERT INTO `gdp_staged` VALUES ('2019-01-01',21111.6),('2019-04-01',21397.938),('2019-07-01',21717.171),('2019-10-01',21933.217),('2020-01-01',21727.657),('2020-04-01',19935.444),('2020-07-01',21684.551),('2020-10-01',22068.767),('2021-01-01',22656.793),('2021-04-01',23368.861),('2021-07-01',23921.991),('2021-10-01',24777.038),('2022-01-01',25215.491),('2022-04-01',25805.791),('2022-07-01',26272.011),('2022-10-01',26734.277),('2023-01-01',27164.359),('2023-04-01',27453.815),('2023-07-01',27967.697),('2023-10-01',28296.967),('2024-01-01',28624.069),('2024-04-01',29016.714),('2024-07-01',29374.914),('2024-10-01',29723.864),('2025-01-01',29962.047),('2025-04-01',30353.902);
/*!40000 ALTER TABLE `gdp_staged` ENABLE KEYS */;
UNLOCK TABLES;

--
-- Table structure for table `unemployment`
--

DROP TABLE IF EXISTS `unemployment`;
/*!40101 SET @saved_cs_client     = @@character_set_client */;
/*!50503 SET character_set_client = utf8mb4 */;
CREATE TABLE `unemployment` (
  `Series ID` text,
  `Year` int DEFAULT NULL,
  `Period` text,
  `Label` text,
  `Value` double DEFAULT NULL
) ENGINE=InnoDB DEFAULT CHARSET=utf8mb4 COLLATE=utf8mb4_0900_ai_ci;
/*!40101 SET character_set_client = @saved_cs_client */;

--
-- Dumping data for table `unemployment`
--

LOCK TABLES `unemployment` WRITE;
/*!40000 ALTER TABLE `unemployment` DISABLE KEYS */;
INSERT INTO `unemployment` VALUES ('LNS14000000',2019,'M01','2019 Jan',4),('LNS14000000',2019,'M02','2019 Feb',3.8),('LNS14000000',2019,'M03','2019 Mar',3.8),('LNS14000000',2019,'M04','2019 Apr',3.7),('LNS14000000',2019,'M05','2019 May',3.6),('LNS14000000',2019,'M06','2019 Jun',3.6),('LNS14000000',2019,'M07','2019 Jul',3.7),('LNS14000000',2019,'M08','2019 Aug',3.6),('LNS14000000',2019,'M09','2019 Sep',3.5),('LNS14000000',2019,'M10','2019 Oct',3.6),('LNS14000000',2019,'M11','2019 Nov',3.6),('LNS14000000',2019,'M12','2019 Dec',3.6),('LNS14000000',2020,'M01','2020 Jan',3.6),('LNS14000000',2020,'M02','2020 Feb',3.5),('LNS14000000',2020,'M03','2020 Mar',4.4),('LNS14000000',2020,'M04','2020 Apr',14.8),('LNS14000000',2020,'M05','2020 May',13.2),('LNS14000000',2020,'M06','2020 Jun',11),('LNS14000000',2020,'M07','2020 Jul',10.2),('LNS14000000',2020,'M08','2020 Aug',8.4),('LNS14000000',2020,'M09','2020 Sep',7.8),('LNS14000000',2020,'M10','2020 Oct',6.9),('LNS14000000',2020,'M11','2020 Nov',6.7),('LNS14000000',2020,'M12','2020 Dec',6.7),('LNS14000000',2021,'M01','2021 Jan',6.4),('LNS14000000',2021,'M02','2021 Feb',6.2),('LNS14000000',2021,'M03','2021 Mar',6.1),('LNS14000000',2021,'M04','2021 Apr',6.1),('LNS14000000',2021,'M05','2021 May',5.8),('LNS14000000',2021,'M06','2021 Jun',5.9),('LNS14000000',2021,'M07','2021 Jul',5.4),('LNS14000000',2021,'M08','2021 Aug',5.1),('LNS14000000',2021,'M09','2021 Sep',4.7),('LNS14000000',2021,'M10','2021 Oct',4.5),('LNS14000000',2021,'M11','2021 Nov',4.2),('LNS14000000',2021,'M12','2021 Dec',3.9),('LNS14000000',2022,'M01','2022 Jan',4),('LNS14000000',2022,'M02','2022 Feb',3.8),('LNS14000000',2022,'M03','2022 Mar',3.7),('LNS14000000',2022,'M04','2022 Apr',3.7),('LNS14000000',2022,'M05','2022 May',3.6),('LNS14000000',2022,'M06','2022 Jun',3.6),('LNS14000000',2022,'M07','2022 Jul',3.5),('LNS14000000',2022,'M08','2022 Aug',3.6),('LNS14000000',2022,'M09','2022 Sep',3.5),('LNS14000000',2022,'M10','2022 Oct',3.6),('LNS14000000',2022,'M11','2022 Nov',3.6),('LNS14000000',2022,'M12','2022 Dec',3.5),('LNS14000000',2023,'M01','2023 Jan',3.5),('LNS14000000',2023,'M02','2023 Feb',3.6),('LNS14000000',2023,'M03','2023 Mar',3.5),('LNS14000000',2023,'M04','2023 Apr',3.4),('LNS14000000',2023,'M05','2023 May',3.6),('LNS14000000',2023,'M06','2023 Jun',3.6),('LNS14000000',2023,'M07','2023 Jul',3.5),('LNS14000000',2023,'M08','2023 Aug',3.7),('LNS14000000',2023,'M09','2023 Sep',3.8),('LNS14000000',2023,'M10','2023 Oct',3.9),('LNS14000000',2023,'M11','2023 Nov',3.7),('LNS14000000',2023,'M12','2023 Dec',3.8),('LNS14000000',2024,'M01','2024 Jan',3.7),('LNS14000000',2024,'M02','2024 Feb',3.9),('LNS14000000',2024,'M03','2024 Mar',3.9),('LNS14000000',2024,'M04','2024 Apr',3.9),('LNS14000000',2024,'M05','2024 May',4),('LNS14000000',2024,'M06','2024 Jun',4.1),('LNS14000000',2024,'M07','2024 Jul',4.2),('LNS14000000',2024,'M08','2024 Aug',4.2),('LNS14000000',2024,'M09','2024 Sep',4.1),('LNS14000000',2024,'M10','2024 Oct',4.1),('LNS14000000',2024,'M11','2024 Nov',4.2),('LNS14000000',2024,'M12','2024 Dec',4.1),('LNS14000000',2025,'M01','2025 Jan',4),('LNS14000000',2025,'M02','2025 Feb',4.1),('LNS14000000',2025,'M03','2025 Mar',4.2),('LNS14000000',2025,'M04','2025 Apr',4.2),('LNS14000000',2025,'M05','2025 May',4.2),('LNS14000000',2025,'M06','2025 Jun',4.1),('LNS14000000',2025,'M07','2025 Jul',4.2),('LNS14000000',2025,'M08','2025 Aug',4.3);
/*!40000 ALTER TABLE `unemployment` ENABLE KEYS */;
UNLOCK TABLES;
/*!40103 SET TIME_ZONE=@OLD_TIME_ZONE */;

/*!40101 SET SQL_MODE=@OLD_SQL_MODE */;
/*!40014 SET FOREIGN_KEY_CHECKS=@OLD_FOREIGN_KEY_CHECKS */;
/*!40014 SET UNIQUE_CHECKS=@OLD_UNIQUE_CHECKS */;
/*!40101 SET CHARACTER_SET_CLIENT=@OLD_CHARACTER_SET_CLIENT */;
/*!40101 SET CHARACTER_SET_RESULTS=@OLD_CHARACTER_SET_RESULTS */;
/*!40101 SET COLLATION_CONNECTION=@OLD_COLLATION_CONNECTION */;
/*!40111 SET SQL_NOTES=@OLD_SQL_NOTES */;

-- Dump completed on 2025-09-21  2:12:55
